﻿<parameters>
  <parameter name="IIS Web Application Name" defaultValue="SFSPFileManagement" tags="IisApp">
    <parameterEntry kind="ProviderPath" scope="IisApp" match="^D:\\SFSP_FileManagement\\obj\\Release\\Package\\PackageTmp$" />
    <parameterEntry kind="ProviderPath" scope="setAcl" match="^D:\\SFSP_FileManagement\\obj\\Release\\Package\\PackageTmp$" />
  </parameter>
  <parameter name="SPPublicSiteUrl" description="Please provide the SharePoint Public Site Url that you want to store public files." defaultValue="https://reisystemsinc257.sharepoint.com/sites/NFWFExternal/">
    <parameterEntry kind="XmlFile" scope="obj\\Release\\Package\\PackageTmp\\Web\.config$" match="/configuration/appSettings/add[@key='SPPublicSiteUrl']/@value" />
  </parameter>
  <parameter name="SPPrivateSiteUrl" description="Please provide the SharePoint private Site Url that you want to store private files." defaultValue="https://reisystemsinc257.sharepoint.com/sites/NFWFInternal/">
    <parameterEntry kind="XmlFile" scope="obj\\Release\\Package\\PackageTmp\\Web\.config$" match="/configuration/appSettings/add[@key='SPPrivateSiteUrl']/@value" />
  </parameter>
  <parameter name="SPPublicDocumentLibrary" description="Please provide the SharePoint Document Library name where public files will be uploaded." defaultValue="NFWF External Documents">
    <parameterEntry kind="XmlFile" scope="obj\\Release\\Package\\PackageTmp\\Web\.config$" match="/configuration/appSettings/add[@key='SPPublicDocumentLibrary']/@value" />
  </parameter>
  <parameter name="SPPrivateDocumentLibrary" description="Please provide the SharePoint Document Library name where private files will be uploaded." defaultValue="NFWF Internal Documents">
    <parameterEntry kind="XmlFile" scope="obj\\Release\\Package\\PackageTmp\\Web\.config$" match="/configuration/appSettings/add[@key='SPPrivateDocumentLibrary']/@value" />
  </parameter>
  <parameter name="UploadedFileUrl" description="Please provide the SharePoint private Site Url that will return uploaded private file URL for view purpose." defaultValue="https://reisystemsinc257.sharepoint.com">
    <parameterEntry kind="XmlFile" scope="obj\\Release\\Package\\PackageTmp\\Web\.config$" match="/configuration/appSettings/add[@key='UploadedFileUrl']/@value" />
  </parameter>
  <parameter name="UploadedFileUrlForDownload" description="Please provide the SharePoint private Site Url that will return uploaded private file URL for download purpose." defaultValue="_layouts/15/download.aspx?SourceUrl=https://reisystemsinc257.sharepoint.com">
    <parameterEntry kind="XmlFile" scope="obj\\Release\\Package\\PackageTmp\\Web\.config$" match="/configuration/appSettings/add[@key='UploadedFileUrlForDownload']/@value" />
  </parameter>
  <parameter name="UploadedPublicFileUrlForDownload" description="Please provide the SharePoint public Site Url that will return uploaded public file URL for view purpose." defaultValue="_layouts/15/download.aspx?share=">
    <parameterEntry kind="XmlFile" scope="obj\\Release\\Package\\PackageTmp\\Web\.config$" match="/configuration/appSettings/add[@key='UploadedPublicFileUrlForDownload']/@value" />
  </parameter>
  <parameter name="UserName" description="Please provide the SharePoint Site User Name to connect." defaultValue="reisupport@reisystems.com">
    <parameterEntry kind="XmlFile" scope="obj\\Release\\Package\\PackageTmp\\Web\.config$" match="/configuration/appSettings/add[@key='UserName']/@value" />
  </parameter>
  <parameter name="Password" description="Please provide the SharePoint Site Password to connect." defaultValue="TSVrtQaV?6nx">
    <parameterEntry kind="XmlFile" scope="obj\\Release\\Package\\PackageTmp\\Web\.config$" match="/configuration/appSettings/add[@key='Password']/@value" />
  </parameter>
  <parameter name="LoginEndpoint" description="Please provide Salesforce login endpoint, to connecting with Salesforce through API we need to provide this URL." defaultValue="https://nfwf-dev--dev.my.salesforce.com/services/oauth2/token">
    <parameterEntry kind="XmlFile" scope="obj\\Release\\Package\\PackageTmp\\Web\.config$" match="/configuration/appSettings/add[@key='LoginEndpoint']/@value" />
  </parameter>
  <parameter name="SFAPICallAfterMilliseconds" description="While uploading file if Web API took more than 1.4 Minute then we are calling Salesforce API to update Log file, that time we are considering this value." defaultValue="1000000">
    <parameterEntry kind="XmlFile" scope="obj\\Release\\Package\\PackageTmp\\Web\.config$" match="/configuration/appSettings/add[@key='SFAPICallAfterMilliseconds']/@value" />
  </parameter>
  <parameter name="SPItemThresholdLimit" description="Please provide the SharePoint Site Threshold Limit to upload maximum files in folder." defaultValue="4900">
    <parameterEntry kind="XmlFile" scope="obj\\Release\\Package\\PackageTmp\\Web\.config$" match="/configuration/appSettings/add[@key='SPItemThresholdLimit']/@value" />
  </parameter>
  <parameter name="SFRequestURI" description="As Salesforce default timeout is 2 minutes, if user uploading large file like 2 GB then it will take more than 2 minutes to upload file. In this case Salesforce will not get response because of timeout. So to handle this from Web API side we are calling Salesforce API which can update Log file. In this Log file we are updating all the response values which we can get after file uploaded. To update Log from Salesforce we need this request URI." defaultValue="https://nfwf-dev--dev.my.salesforce.com/services/data/v48.0/sobjects/Sharepoint_service_Log__c">
    <parameterEntry kind="XmlFile" scope="obj\\Release\\Package\\PackageTmp\\Web\.config$" match="/configuration/appSettings/add[@key='SFRequestURI']/@value" />
  </parameter>
  <parameter name="ClientSecret" description="Please provide the Salesforce Site ClientSecret to connect with Salesforce through API" defaultValue="C6390425347D280077424297E617DE63A3E033ACD7BB065E2D4234F09F633A06">
    <parameterEntry kind="XmlFile" scope="obj\\Release\\Package\\PackageTmp\\Web\.config$" match="/configuration/appSettings/add[@key='ClientSecret']/@value" />
  </parameter>
  <parameter name="ClientId" description="Please provide the Salesforce Site ClientId to connect with Salesforce through API" defaultValue="3MVG9_4NR96cWRpH1trnW0fHTVNXiuTs4S0CkPRrQ.NWxtqFB4ltExBMxc.5VuE7sY740kGYWhqcCa3nulTzS">
    <parameterEntry kind="XmlFile" scope="obj\\Release\\Package\\PackageTmp\\Web\.config$" match="/configuration/appSettings/add[@key='ClientId']/@value" />
  </parameter>
</parameters>